à ƒ,NodeStreamOffset,107
,NodeGt,92
,NodePulse,94
,NodeOr,94
,NodeMux,95
,NodeEvalStreamOffset,0
,NodeCounter,0
Ô·,NodeEqInlined,0
,NodeAnd,1
,NodeInput,1
,NodeSlice,6
 ,NodeReinterpret,6
e,NodeGte,6
Ô¹,NodeSlice,6
Ôº,NodeNeqInlined,6
Ô»,NodeSlice,6
Ô¼,NodeCat,7
,,NodeReinterpret,7
Ô¸,NodeSlice,6
.,NodeReinterpret,6
ß’,NodeCondAddSub,7
Ô½,NodeGtInlined,8
Ô¾,NodeSlice,6
2,NodeReinterpret,6
4,NodeSub,8
<,NodeAdd,9
=,NodeMux,10
Õ‚,NodeSlice,11
Õƒ,NodeReinterpret,11
ß”,NodeCondAddSub,11
B,NodeSlice,12
Ô†,NodeROM,41
ß–,NodeSlice,43
Ô¿,NodeSlice,11
Õ€,NodeNot,11
Õ,NodeReinterpret,11
ß—,NodeNot,11
ß˜,NodeXor,43
ß•,NodeSlice,43
ß™,NodeCat,43
ßš,NodeReinterpret,43
7,NodeSlice,8
9,NodeReinterpret,8
:,NodeCast,8
G,NodeCast,8
J,NodeSlice,8
Ó´,NodeROM,8
Ó»,NodeSlice,10
Ó¼,NodeReinterpret,10
M,NodeSlice,8
Ó½,NodeROM,8
Ô„,NodeSlice,10
Ô…,NodeReinterpret,10
R,NodeMux,10
H,NodeSlice,10
I,NodeReinterpret,10
K,NodeSlice,10
L,NodeReinterpret,10
N,NodeMux,10
S,NodeMul,11
Ó¹,NodeSlice,10
Óº,NodeReinterpret,10
Ô‚,NodeSlice,10
Ôƒ,NodeReinterpret,10
Q,NodeMux,10
T,NodeAdd,15
U,NodeCast,16
V,NodeMul,17
Ó·,NodeSlice,10
Ó¸,NodeReinterpret,10
Ô€,NodeSlice,10
Ô,NodeReinterpret,10
P,NodeMux,10
W,NodeAdd,21
X,NodeCast,22
Y,NodeMul,23
Óµ,NodeSlice,10
Ó¶,NodeReinterpret,10
Ó¾,NodeSlice,10
Ó¿,NodeReinterpret,10
O,NodeMux,10
Z,NodeAdd,27
[,NodeCast,28
\,NodeCast,29
Õ„,NodeShift,10
_,NodeReinterpret,10
`,NodeMux,10
a,NodeCast,29
b,NodeMul,35
c,NodeAdd,43
g,NodeMux,55
i,NodeMul,88
j,NodeAdd,96
l,NodeGt,107
Ó¦,NodeSub,0
Õ…,NodeEqInlined,1
Ó¨,NodeAnd,109
Ó«,NodeAnd,110
à „,NodeStreamOffset,129
,NodeMux,95
n,NodeSub,98
o,NodeMux,109
v,NodeAdd,110
à …,NodeStreamOffset,129
,NodeMux,95
Ó›,NodeNot,178
Ó„,NodeNot,176
Ó—,NodeNot,198
Ò°,NodeNot,196
Ò±,NodeAnd,196
!,NodeSlice,6
",NodeReinterpret,6
x,NodeMul,6
z,NodeSub,6
|,NodeAdd,17
},NodeDiv,28
,NodeSub,56
Â‚,NodeGt,67
Âƒ,NodeMux,69
Â„,NodeGt,70
Â…,NodeMux,72
Â‡,NodeSub,73
Â‰,NodeSub,84
ÂŠ,NodeMul,95
Â‹,NodeSqrt,103
#,NodeSlice,6
$,NodeReinterpret,6
ÂŽ,NodeMul,6
Â,NodeSlice,49
Õ‡,NodeEqInlined,49
Ú™,NodeSlice,48
Õ‰,NodeEqInlined,48
Úš,NodeSlice,48
Õ‹,NodeNeqInlined,48
Ê“,NodeAnd,49
Ê”,NodeOr,50
Ú›,NodeSlice,49
Â•,NodeCat,49
Â˜,NodeReinterpret,49
Úœ,NodeSlice,42
Âš,NodeReinterpret,42
ß,NodeTriArith,42
ß‚,NodeCast,43
ÕŽ,NodeSlice,43
Õ,NodeReinterpret,43
Õ,NodeSlice,43
Õ‘,NodeReinterpret,43
ßœ,NodeCondAddSub,43
Â¦,NodeSlice,44
Â§,NodeReinterpret,44
Â©,NodeShift,44
Â¨,NodeShift,44
Âª,NodeMux,48
Â«,NodeSlice,49
Â­,NodeReinterpret,49
Â®,NodeMul,49
Â²,NodeSlice,50
Â³,NodeReinterpret,50
Â¶,NodeCast,50
Â·,NodeLeading1Detect,50
Â¸,NodeOneHotDecode,51
Â¹,NodeCast,52
ßƒ,NodeTriArith,52
ß„,NodeCast,53
ÃŠ,NodeCast,57
ÃŒ,NodeAdd,57
Õ”,NodeLtInlined,58
Õ•,NodeGtInlined,58
Ã,NodeCast,58
ß…,NodeTriArith,52
ß†,NodeCast,53
Õ–,NodeGtInlined,53
Ã„,NodeCast,53
Ã…,NodeShift,53
Ã†,NodeReinterpret,57
Ã‡,NodeMux,57
Ã‰,NodeReinterpret,58
Ã,NodeCast,58
ÃŽ,NodeSlice,59
Õ—,NodeCat,59
Ã“,NodeReinterpret,59
Ã—,NodeMux,59
Ã›,NodeMux,60
Ê‚,NodeLt,62
Ê„,NodeGte,62
Ê…,NodeOr,64
Õ˜,NodeSlice,50
Ã°,NodeSlice,62
Ã±,NodeReinterpret,62
ß‡,NodeTriArith,62
Õ™,NodeSlice,63
Õš,NodeReinterpret,63
Ã£,NodeSlice,61
Õ›,NodeNeqInlined,61
Ã¢,NodeSlice,62
Õœ,NodeCat,62
Ã©,NodeReinterpret,62
Ãª,NodeSlice,62
Ã«,NodeReinterpret,62
ßž,NodeCondAddSub,62
Ã¯,NodeCat,63
Ã¸,NodeCast,63
Ã¹,NodeShift,63
Ãº,NodeSlice,67
Ã»,NodeReinterpret,67
Ã½,NodeMux,67
Ô‡,NodeROM,77
ÔŽ,NodeSlice,79
Ô,NodeReinterpret,79
Æ¹,NodeSlice,62
Æº,NodeReinterpret,62
ßˆ,NodeTriArith,62
Õ,NodeSlice,63
Õž,NodeReinterpret,63
Æ¬,NodeSlice,61
ÕŸ,NodeNeqInlined,61
Æ«,NodeSlice,62
Õ ,NodeCat,62
Æ²,NodeReinterpret,62
Æ³,NodeSlice,62
Æ´,NodeReinterpret,62
ß ,NodeCondAddSub,62
Æ¸,NodeCat,63
Ç,NodeCast,63
Ç‚,NodeShift,63
Çƒ,NodeSlice,67
Ç„,NodeReinterpret,67
Ç†,NodeMux,67
Ô,NodeROM,77
Ô—,NodeSlice,79
Ô˜,NodeReinterpret,79
É¸,NodeMux,79
Þ½,NodePO2FPMult,61
Ä‡,NodeSlice,65
Ä€,NodeSlice,62
Ä,NodeReinterpret,62
Äƒ,NodeSub,62
Õ¡,NodeGteInlined,63
Õ¢,NodeLteInlined,63
ÄŒ,NodeOr,64
Õ£,NodeLteInlined,63
Æ¤,NodeCat,65
Æ¥,NodeReinterpret,65
Ä—,NodeSub,63
Õ¤,NodeLtInlined,64
Ú,NodeSlice,65
Æ ,NodeMux,65
Õ¦,NodeLtInlined,64
Úž,NodeSlice,65
Æš,NodeMux,65
Õ¨,NodeLtInlined,64
ÚŸ,NodeSlice,65
Æ”,NodeMux,65
Õª,NodeLtInlined,64
Ú ,NodeSlice,65
ÆŽ,NodeMux,65
Õ¬,NodeLtInlined,64
Ú¡,NodeSlice,65
Æˆ,NodeMux,65
Õ®,NodeLtInlined,64
Ú¢,NodeSlice,65
Æ‚,NodeMux,65
Õ°,NodeLtInlined,64
Ú£,NodeSlice,65
Å¼,NodeMux,65
Õ²,NodeLtInlined,64
Ú¤,NodeSlice,65
Å¶,NodeMux,65
Õ´,NodeLtInlined,64
Ú¥,NodeSlice,65
Å°,NodeMux,65
Õ¶,NodeLtInlined,64
Ú¦,NodeSlice,65
Åª,NodeMux,65
Õ¸,NodeLtInlined,64
Ú§,NodeSlice,65
Å¤,NodeMux,65
Õº,NodeLtInlined,64
Ú¨,NodeSlice,65
Åž,NodeMux,65
Õ¼,NodeLtInlined,64
Ú©,NodeSlice,65
Å˜,NodeMux,65
Õ¾,NodeLtInlined,64
Úª,NodeSlice,65
Å’,NodeMux,65
Ö€,NodeLtInlined,64
Ú«,NodeSlice,65
ÅŒ,NodeMux,65
Ö‚,NodeLtInlined,64
Ú¬,NodeSlice,65
Å†,NodeMux,65
Ö„,NodeLtInlined,64
Ú­,NodeSlice,65
Å€,NodeMux,65
Ö†,NodeLtInlined,64
Ú®,NodeSlice,65
Äº,NodeMux,65
Öˆ,NodeLtInlined,64
Ú¯,NodeSlice,65
Ä´,NodeMux,65
ÖŠ,NodeLtInlined,64
Ú°,NodeSlice,65
Ä®,NodeMux,65
ÖŒ,NodeLtInlined,64
Ú±,NodeSlice,65
Ä¨,NodeMux,65
ÖŽ,NodeLtInlined,64
Ú²,NodeSlice,65
Ä¢,NodeMux,65
Ö,NodeLtInlined,64
Ú³,NodeSlice,65
Äœ,NodeMux,65
Ö§,NodeCat,66
Æ¢,NodeCast,63
Æ£,NodeShift,66
Ä…,NodeSlice,65
Ä†,NodeCat,65
Ä,NodeNeg,63
Ä’,NodeSub,64
Ä“,NodeCast,65
Ä”,NodeShift,65
Æ¦,NodeMux,70
Æ§,NodeNot,71
Æ¨,NodeMux,71
Æ©,NodeReinterpret,72
Æª,NodeCast,72
Þ¾,NodePO2FPMult,61
Ç,NodeSlice,65
Ç‰,NodeSlice,62
ÇŠ,NodeReinterpret,62
ÇŒ,NodeSub,62
Ö¨,NodeGteInlined,63
Ö©,NodeLteInlined,63
Ç•,NodeOr,64
Öª,NodeLteInlined,63
É­,NodeCat,65
É®,NodeReinterpret,65
Ç ,NodeSub,63
Ö«,NodeLtInlined,64
Ú´,NodeSlice,65
É©,NodeMux,65
Ö­,NodeLtInlined,64
Úµ,NodeSlice,65
É£,NodeMux,65
Ö¯,NodeLtInlined,64
Ú¶,NodeSlice,65
É,NodeMux,65
Ö±,NodeLtInlined,64
Ú·,NodeSlice,65
É—,NodeMux,65
Ö³,NodeLtInlined,64
Ú¸,NodeSlice,65
É‘,NodeMux,65
Öµ,NodeLtInlined,64
Ú¹,NodeSlice,65
É‹,NodeMux,65
Ö·,NodeLtInlined,64
Úº,NodeSlice,65
É…,NodeMux,65
Ö¹,NodeLtInlined,64
Ú»,NodeSlice,65
È¿,NodeMux,65
Ö»,NodeLtInlined,64
Ú¼,NodeSlice,65
È¹,NodeMux,65
Ö½,NodeLtInlined,64
Ú½,NodeSlice,65
È³,NodeMux,65
Ö¿,NodeLtInlined,64
Ú¾,NodeSlice,65
È­,NodeMux,65
×,NodeLtInlined,64
Ú¿,NodeSlice,65
È§,NodeMux,65
×ƒ,NodeLtInlined,64
Û€,NodeSlice,65
È¡,NodeMux,65
×…,NodeLtInlined,64
Û,NodeSlice,65
È›,NodeMux,65
×‡,NodeLtInlined,64
Û‚,NodeSlice,65
È•,NodeMux,65
×‰,NodeLtInlined,64
Ûƒ,NodeSlice,65
È,NodeMux,65
×‹,NodeLtInlined,64
Û„,NodeSlice,65
È‰,NodeMux,65
×,NodeLtInlined,64
Û…,NodeSlice,65
Èƒ,NodeMux,65
×,NodeLtInlined,64
Û†,NodeSlice,65
Ç½,NodeMux,65
×‘,NodeLtInlined,64
Û‡,NodeSlice,65
Ç·,NodeMux,65
×“,NodeLtInlined,64
Ûˆ,NodeSlice,65
Ç±,NodeMux,65
×•,NodeLtInlined,64
Û‰,NodeSlice,65
Ç«,NodeMux,65
×—,NodeLtInlined,64
ÛŠ,NodeSlice,65
Ç¥,NodeMux,65
×®,NodeCat,66
É«,NodeCast,63
É¬,NodeShift,66
ÇŽ,NodeSlice,65
Ç,NodeCat,65
Ç™,NodeNeg,63
Ç›,NodeSub,64
Çœ,NodeCast,65
Ç,NodeShift,65
É¯,NodeMux,70
É°,NodeNot,71
É±,NodeMux,71
É²,NodeReinterpret,72
É³,NodeCast,72
É´,NodeMux,79
Éº,NodeMul,80
É¹,NodeMul,80
É»,NodeMul,88
ÔŒ,NodeSlice,79
Ô,NodeReinterpret,79
Ô•,NodeSlice,79
Ô–,NodeReinterpret,79
É·,NodeMux,79
É¼,NodeMul,88
É½,NodeAdd,96
ÔŠ,NodeSlice,79
Ô‹,NodeReinterpret,79
Ô“,NodeSlice,79
Ô”,NodeReinterpret,79
É¶,NodeMux,79
É¾,NodeMul,80
É¿,NodeAdd,107
Ôˆ,NodeSlice,79
Ô‰,NodeReinterpret,79
Ô‘,NodeSlice,79
Ô’,NodeReinterpret,79
Éµ,NodeMux,79
Ê€,NodeAdd,118
Ê‡,NodeMux,129
ß¢,NodeSlice,130
Â±,NodeSlice,50
Õ’,NodeEqInlined,50
Õ“,NodeEqInlined,50
Ã¡,NodeOr,51
ß£,NodeXor,130
ß¡,NodeSlice,130
ß¤,NodeCat,130
ß¥,NodeReinterpret,130
Ê–,NodeMux,130
Ê—,NodeMul,131
Ò²,NodeMul,131
Ò³,NodeMul,139
Ó™,NodeNot,198
Òº,NodeNot,196
Ò»,NodeAnd,196
Ê›,NodeSlice,49
×°,NodeEqInlined,49
Û‹,NodeSlice,48
×²,NodeEqInlined,48
ÛŒ,NodeSlice,48
×´,NodeNeqInlined,48
Ò¡,NodeAnd,49
Ò¢,NodeOr,50
Û,NodeSlice,49
Ê ,NodeCat,49
Ê£,NodeReinterpret,49
ÛŽ,NodeSlice,42
Ê¥,NodeReinterpret,42
ß‰,NodeTriArith,42
ßŠ,NodeCast,43
×·,NodeSlice,43
×¸,NodeReinterpret,43
×¹,NodeSlice,43
×º,NodeReinterpret,43
ß§,NodeCondAddSub,43
Ê±,NodeSlice,44
Ê²,NodeReinterpret,44
Ê´,NodeShift,44
Ê³,NodeShift,44
Êµ,NodeMux,48
Ê¶,NodeSlice,49
Ê¸,NodeReinterpret,49
Ê¹,NodeMul,49
Ë€,NodeSlice,50
Ë,NodeReinterpret,50
Ë„,NodeCast,50
Ë…,NodeLeading1Detect,50
Ë†,NodeOneHotDecode,51
Ë‡,NodeCast,52
ß‹,NodeTriArith,52
ßŒ,NodeCast,53
Ë˜,NodeCast,57
Ëš,NodeAdd,57
×½,NodeLtInlined,58
×¾,NodeGtInlined,58
Ë,NodeCast,58
ß,NodeTriArith,52
ßŽ,NodeCast,53
×¿,NodeGtInlined,53
Ë’,NodeCast,53
Ë“,NodeShift,53
Ë”,NodeReinterpret,57
Ë•,NodeMux,57
Ë—,NodeReinterpret,58
Ë›,NodeCast,58
Ëœ,NodeSlice,59
Ø€,NodeCat,59
Ë¡,NodeReinterpret,59
Ë¥,NodeMux,59
Ë©,NodeMux,60
Ò,NodeLt,62
Ò’,NodeGte,62
Ò“,NodeOr,64
Ê™,NodeLt,49
Ê¼,NodeSlice,50
Ê¾,NodeXor,50
Ê¿,NodeMux,51
Ëª,NodeSlice,52
Ë¾,NodeSlice,62
Ë¿,NodeReinterpret,62
ß,NodeTriArith,62
Ø,NodeSlice,63
Ø‚,NodeReinterpret,63
Ë±,NodeSlice,61
Øƒ,NodeNeqInlined,61
Ë°,NodeSlice,62
Ø„,NodeCat,62
Ë·,NodeReinterpret,62
Ë¸,NodeSlice,62
Ë¹,NodeReinterpret,62
ß©,NodeCondAddSub,62
Ë½,NodeCat,63
Ì†,NodeCast,63
Ì‡,NodeShift,63
Ìˆ,NodeSlice,67
Ì‰,NodeReinterpret,67
Ì‹,NodeMux,67
Ô™,NodeROM,77
Ô ,NodeSlice,79
Ô¡,NodeReinterpret,79
Ï‡,NodeSlice,62
Ïˆ,NodeReinterpret,62
ß,NodeTriArith,62
Ø…,NodeSlice,63
Ø†,NodeReinterpret,63
Îº,NodeSlice,61
Ø‡,NodeNeqInlined,61
Î¹,NodeSlice,62
Øˆ,NodeCat,62
Ï€,NodeReinterpret,62
Ï,NodeSlice,62
Ï‚,NodeReinterpret,62
ß«,NodeCondAddSub,62
Ï†,NodeCat,63
Ï,NodeCast,63
Ï,NodeShift,63
Ï‘,NodeSlice,67
Ï’,NodeReinterpret,67
Ï”,NodeMux,67
Ô¢,NodeROM,77
Ô©,NodeSlice,79
Ôª,NodeReinterpret,79
Ò†,NodeMux,79
Þ¿,NodePO2FPMult,61
Ì•,NodeSlice,65
ÌŽ,NodeSlice,62
Ì,NodeReinterpret,62
Ì‘,NodeSub,62
Ø‰,NodeGteInlined,63
ØŠ,NodeLteInlined,63
Ìš,NodeOr,64
Ø‹,NodeLteInlined,63
Î²,NodeCat,65
Î³,NodeReinterpret,65
Ì¥,NodeSub,63
ØŒ,NodeLtInlined,64
Û,NodeSlice,65
Î®,NodeMux,65
ØŽ,NodeLtInlined,64
Û,NodeSlice,65
Î¨,NodeMux,65
Ø,NodeLtInlined,64
Û‘,NodeSlice,65
Î¢,NodeMux,65
Ø’,NodeLtInlined,64
Û’,NodeSlice,65
Îœ,NodeMux,65
Ø”,NodeLtInlined,64
Û“,NodeSlice,65
Î–,NodeMux,65
Ø–,NodeLtInlined,64
Û”,NodeSlice,65
Î,NodeMux,65
Ø˜,NodeLtInlined,64
Û•,NodeSlice,65
ÎŠ,NodeMux,65
Øš,NodeLtInlined,64
Û–,NodeSlice,65
Î„,NodeMux,65
Øœ,NodeLtInlined,64
Û—,NodeSlice,65
Í¾,NodeMux,65
Øž,NodeLtInlined,64
Û˜,NodeSlice,65
Í¸,NodeMux,65
Ø ,NodeLtInlined,64
Û™,NodeSlice,65
Í²,NodeMux,65
Ø¢,NodeLtInlined,64
Ûš,NodeSlice,65
Í¬,NodeMux,65
Ø¤,NodeLtInlined,64
Û›,NodeSlice,65
Í¦,NodeMux,65
Ø¦,NodeLtInlined,64
Ûœ,NodeSlice,65
Í ,NodeMux,65
Ø¨,NodeLtInlined,64
Û,NodeSlice,65
Íš,NodeMux,65
Øª,NodeLtInlined,64
Ûž,NodeSlice,65
Í”,NodeMux,65
Ø¬,NodeLtInlined,64
ÛŸ,NodeSlice,65
ÍŽ,NodeMux,65
Ø®,NodeLtInlined,64
Û ,NodeSlice,65
Íˆ,NodeMux,65
Ø°,NodeLtInlined,64
Û¡,NodeSlice,65
Í‚,NodeMux,65
Ø²,NodeLtInlined,64
Û¢,NodeSlice,65
Ì¼,NodeMux,65
Ø´,NodeLtInlined,64
Û£,NodeSlice,65
Ì¶,NodeMux,65
Ø¶,NodeLtInlined,64
Û¤,NodeSlice,65
Ì°,NodeMux,65
Ø¸,NodeLtInlined,64
Û¥,NodeSlice,65
Ìª,NodeMux,65
Ù,NodeCat,66
Î°,NodeCast,63
Î±,NodeShift,66
Ì“,NodeSlice,65
Ì”,NodeCat,65
Ìž,NodeNeg,63
Ì ,NodeSub,64
Ì¡,NodeCast,65
Ì¢,NodeShift,65
Î´,NodeMux,70
Îµ,NodeNot,71
Î¶,NodeMux,71
Î·,NodeReinterpret,72
Î¸,NodeCast,72
ß€,NodePO2FPMult,61
Ïž,NodeSlice,65
Ï—,NodeSlice,62
Ï˜,NodeReinterpret,62
Ïš,NodeSub,62
Ù,NodeGteInlined,63
Ù‘,NodeLteInlined,63
Ï£,NodeOr,64
Ù’,NodeLteInlined,63
Ñ»,NodeCat,65
Ñ¼,NodeReinterpret,65
Ï®,NodeSub,63
Ù“,NodeLtInlined,64
Û¦,NodeSlice,65
Ñ·,NodeMux,65
Ù•,NodeLtInlined,64
Û§,NodeSlice,65
Ñ±,NodeMux,65
Ù—,NodeLtInlined,64
Û¨,NodeSlice,65
Ñ«,NodeMux,65
Ù™,NodeLtInlined,64
Û©,NodeSlice,65
Ñ¥,NodeMux,65
Ù›,NodeLtInlined,64
Ûª,NodeSlice,65
ÑŸ,NodeMux,65
Ù,NodeLtInlined,64
Û«,NodeSlice,65
Ñ™,NodeMux,65
ÙŸ,NodeLtInlined,64
Û¬,NodeSlice,65
Ñ“,NodeMux,65
Ù¡,NodeLtInlined,64
Û­,NodeSlice,65
Ñ,NodeMux,65
Ù£,NodeLtInlined,64
Û®,NodeSlice,65
Ñ‡,NodeMux,65
Ù¥,NodeLtInlined,64
Û¯,NodeSlice,65
Ñ,NodeMux,65
Ù§,NodeLtInlined,64
Û°,NodeSlice,65
Ð»,NodeMux,65
Ù©,NodeLtInlined,64
Û±,NodeSlice,65
Ðµ,NodeMux,65
Ù«,NodeLtInlined,64
Û²,NodeSlice,65
Ð¯,NodeMux,65
Ù­,NodeLtInlined,64
Û³,NodeSlice,65
Ð©,NodeMux,65
Ù¯,NodeLtInlined,64
Û´,NodeSlice,65
Ð£,NodeMux,65
Ù±,NodeLtInlined,64
Ûµ,NodeSlice,65
Ð,NodeMux,65
Ù³,NodeLtInlined,64
Û¶,NodeSlice,65
Ð—,NodeMux,65
Ùµ,NodeLtInlined,64
Û·,NodeSlice,65
Ð‘,NodeMux,65
Ù·,NodeLtInlined,64
Û¸,NodeSlice,65
Ð‹,NodeMux,65
Ù¹,NodeLtInlined,64
Û¹,NodeSlice,65
Ð…,NodeMux,65
Ù»,NodeLtInlined,64
Ûº,NodeSlice,65
Ï¿,NodeMux,65
Ù½,NodeLtInlined,64
Û»,NodeSlice,65
Ï¹,NodeMux,65
Ù¿,NodeLtInlined,64
Û¼,NodeSlice,65
Ï³,NodeMux,65
Ú–,NodeCat,66
Ñ¹,NodeCast,63
Ñº,NodeShift,66
Ïœ,NodeSlice,65
Ï,NodeCat,65
Ï§,NodeNeg,63
Ï©,NodeSub,64
Ïª,NodeCast,65
Ï«,NodeShift,65
Ñ½,NodeMux,70
Ñ¾,NodeNot,71
Ñ¿,NodeMux,71
Ò€,NodeReinterpret,72
Ò,NodeCast,72
Ò‚,NodeMux,79
Òˆ,NodeMul,80
Ò‡,NodeMul,80
Ò‰,NodeMul,88
Ôž,NodeSlice,79
ÔŸ,NodeReinterpret,79
Ô§,NodeSlice,79
Ô¨,NodeReinterpret,79
Ò…,NodeMux,79
ÒŠ,NodeMul,88
Ò‹,NodeAdd,96
Ôœ,NodeSlice,79
Ô,NodeReinterpret,79
Ô¥,NodeSlice,79
Ô¦,NodeReinterpret,79
Ò„,NodeMux,79
ÒŒ,NodeMul,80
Ò,NodeAdd,107
Ôš,NodeSlice,79
Ô›,NodeReinterpret,79
Ô£,NodeSlice,79
Ô¤,NodeReinterpret,79
Òƒ,NodeMux,79
ÒŽ,NodeAdd,118
Ò•,NodeMux,129
ß­,NodeSlice,130
×»,NodeEqInlined,52
×¼,NodeEqInlined,52
Ë¯,NodeOr,53
ß®,NodeXor,130
ß¬,NodeSlice,130
ß¯,NodeCat,130
ß°,NodeReinterpret,130
Ò¤,NodeMux,130
Ò¥,NodeMul,131
Ò¼,NodeMul,131
Ò½,NodeMul,139
Ò¾,NodeMul,139
Ò¿,NodeAdd,147
Ò«,NodeNot,156
Ò¬,NodeAnd,156
Ò­,NodeSqrt,129
Ò¯,NodeMux,157
Ó€,NodeDiv,158
Ó,NodeMul,178
Ó‚,NodeAdd,186
Óƒ,NodeMux,197
Óš,NodeMux,198
à †,NodeStreamOffset,199
,NodeMux,109
Ò´,NodeMul,139
Òµ,NodeSub,147
Ò¶,NodeDiv,158
Ò·,NodeMul,178
Ò¸,NodeAdd,186
Ò¹,NodeMux,197
ß²,NodeSlice,198
Ó,NodeNot,177
ÓŒ,NodeLt,174
Ó,NodeNot,176
ÓŽ,NodeAnd,176
Ó,NodeAnd,177
ß³,NodeXor,198
ß±,NodeSlice,198
ß´,NodeCat,198
ßµ,NodeReinterpret,198
Ó˜,NodeMux,198
à ‡,NodeStreamOffset,199
,NodeMux,109
Ò¦,NodeMul,110
Ò§,NodeMul,110
Ò¨,NodeAdd,118
Òª,NodeGt,154
Ó…,NodeAnd,176
Ó†,NodeNeg,158
Ó‡,NodeMul,158
Óˆ,NodeMul,158
Ó‰,NodeAdd,166
ÓŠ,NodeMux,177
ß·,NodeSlice,178
Ó“,NodeNot,177
Ó”,NodeAnd,177
ß¸,NodeXor,178
ß¶,NodeSlice,178
ß¹,NodeCat,178
ßº,NodeReinterpret,178
Óœ,NodeMux,178
à ˆ,NodeStreamOffset,179
,NodeMux,95
t,NodeMul,110
u,NodeAdd,118
à ‰,NodeStreamOffset,129
,NodeMux,95
r,NodeMul,110
s,NodeAdd,118
à Š,NodeStreamOffset,129

,NodeMux,95
p,NodeMul,110
q,NodeAdd,118
Ú˜,NodeCat,129
Ó¬,NodeOutput,129
Ô­,NodeCounter,0
Ô®,NodeStreamOffset,0
Ô°,NodeOutputMappedReg,1
Ô´,NodeFlush,0
