i,NodeCounter,0
·,NodeGteInlined,0
k,NodeMappedRom,0
,NodeStreamOffset,3
,NodeSlice,399
,NodeStreamOffset,399
,NodeSlice,400
,NodeCat,400
,NodeReinterpret,400
¸,NodeShift,400
,NodeReinterpret,400
,NodeXor,400
,NodeSlice,400
,NodeMux,400
,NodeXor,401
n,NodeStreamOffset,402
o,NodeMux,2
¹,NodeShift,3
r,NodeReinterpret,3
s,NodeXor,3
º,NodeShift,4
v,NodeReinterpret,4
x,NodeAnd,4
y,NodeXor,5
»,NodeShift,6
|,NodeReinterpret,6
~,NodeAnd,6
,NodeXor,7
¼,NodeShift,8
,NodeReinterpret,8
,NodeXor,8
 ,NodeCast,9
ã,NodePO2FPMult,14
6,NodeCounter,0
¾,NodeGteInlined,0
8,NodeMappedRom,0
R,NodeStreamOffset,3
S,NodeSlice,399
Q,NodeStreamOffset,399
T,NodeSlice,400
U,NodeCat,400
X,NodeReinterpret,400
¿,NodeShift,400
[,NodeReinterpret,400
`,NodeXor,400
\,NodeSlice,400
_,NodeMux,400
a,NodeXor,401
;,NodeStreamOffset,402
<,NodeMux,2
À,NodeShift,3
?,NodeReinterpret,3
@,NodeXor,3
Á,NodeShift,4
C,NodeReinterpret,4
E,NodeAnd,4
F,NodeXor,5
Â,NodeShift,6
I,NodeReinterpret,6
K,NodeAnd,6
L,NodeXor,7
Ã,NodeShift,8
O,NodeReinterpret,8
P,NodeXor,8
,NodeCast,9
ä,NodePO2FPMult,14
,NodeCounter,0
Å,NodeGteInlined,0
,NodeMappedRom,0
,NodeStreamOffset,3
 ,NodeSlice,399
,NodeStreamOffset,399
!,NodeSlice,400
",NodeCat,400
%,NodeReinterpret,400
Æ,NodeShift,400
(,NodeReinterpret,400
-,NodeXor,400
),NodeSlice,400
,,NodeMux,400
.,NodeXor,401
,NodeStreamOffset,402
	,NodeMux,2
Ç,NodeShift,3
,NodeReinterpret,3
,NodeXor,3
È,NodeShift,4
,NodeReinterpret,4
,NodeAnd,4
,NodeXor,5
É,NodeShift,6
,NodeReinterpret,6
,NodeAnd,6
,NodeXor,7
Ê,NodeShift,8
,NodeReinterpret,8
,NodeXor,8
,NodeCast,9
å,NodePO2FPMult,14
Ì,NodeCat,15
§,NodeOutput,15
¯,NodeCounter,0
°,NodeStreamOffset,0
²,NodeOutputMappedReg,1
¶,NodeFlush,0
