,NodeCounter,0
Â«,NodeGteInlined,0
	,NodeMappedRom,0
S,NodeStreamOffset,3
V,NodeSlice,399
P,NodeStreamOffset,399
Y,NodeSlice,400
Â³,NodeCat,400
g,NodeReinterpret,400
Â´,NodeShift,400
p,NodeReinterpret,400
{,NodeXor,400
s,NodeSlice,400
x,NodeMux,400
~,NodeXor,401
,NodeStreamOffset,402
,NodeMux,2
Âµ,NodeShift,3
,NodeReinterpret,3
,NodeXor,3
Â¶,NodeShift,4
&,NodeReinterpret,4
,,NodeAnd,4
/,NodeXor,5
Â·,NodeShift,6
8,NodeReinterpret,6
>,NodeAnd,6
A,NodeXor,7
Â¸,NodeShift,8
J,NodeReinterpret,8
M,NodeXor,8
Â,NodeCast,9
Ã›,NodePO2FPMult,14
,NodeMappedRom,0
R,NodeStreamOffset,3
U,NodeSlice,399
O,NodeStreamOffset,399
X,NodeSlice,400
ÃŠ,NodeCat,400
e,NodeReinterpret,400
Â­,NodeShift,400
m,NodeReinterpret,400
z,NodeXor,400
r,NodeSlice,400
w,NodeMux,400
},NodeXor,401
,NodeStreamOffset,402
,NodeMux,2
Â¹,NodeShift,3
,NodeReinterpret,3
,NodeXor,3
Âº,NodeShift,4
#,NodeReinterpret,4
*,NodeAnd,4
.,NodeXor,5
Â»,NodeShift,6
5,NodeReinterpret,6
<,NodeAnd,6
@,NodeXor,7
Â¼,NodeShift,8
G,NodeReinterpret,8
L,NodeXor,8
Â,NodeCast,9
Ãœ,NodePO2FPMult,14
,NodeMappedRom,0
Q,NodeStreamOffset,3
T,NodeSlice,399
N,NodeStreamOffset,399
W,NodeSlice,400
Ãˆ,NodeCat,400
c,NodeReinterpret,400
Â¯,NodeShift,400
j,NodeReinterpret,400
y,NodeXor,400
q,NodeSlice,400
v,NodeMux,400
|,NodeXor,401
,NodeStreamOffset,402
,NodeMux,2
Â½,NodeShift,3
,NodeReinterpret,3
,NodeXor,3
Â¾,NodeShift,4
 ,NodeReinterpret,4
(,NodeAnd,4
-,NodeXor,5
Â¿,NodeShift,6
2,NodeReinterpret,6
:,NodeAnd,6
?,NodeXor,7
Ã€,NodeShift,8
D,NodeReinterpret,8
K,NodeXor,8
Â,NodeCast,9
Ã,NodePO2FPMult,14
Ã…,NodeCat,15
Â›,NodeOutput,15
Â£,NodeCounter,0
Â¤,NodeStreamOffset,0
Â¦,NodeOutputMappedReg,1
Âª,NodeFlush,0
